{"cameraMode":{"drawMode":0,"name":"Shaded","section":"Shading Mode"},"sceneLighting":true,"audioPlay":false,"sceneViewState":{"showFog":true,"showMaterialUpdate":false,"showSkybox":true,"showFlares":true,"showImageEffects":true,"showParticleSystems":true},"in2DMode":false,"pivot":{"x":-2.4265780448913576,"y":5.633828163146973,"z":-58.86357879638672},"rotation":{"x":0.24392211437225343,"y":0.3152599632740021,"z":-0.08420361578464508,"w":0.9132496118545532},"size":37.94601058959961,"orthographic":false}