{"cameraMode":{"drawMode":0,"name":"Shaded","section":"Shading Mode"},"sceneLighting":true,"audioPlay":false,"sceneViewState":{"showFog":true,"showMaterialUpdate":false,"showSkybox":true,"showFlares":true,"showImageEffects":true,"showParticleSystems":true},"in2DMode":false,"pivot":{"x":-0.008557062596082688,"y":28.575435638427736,"z":-86.517333984375},"rotation":{"x":0.06830795854330063,"y":0.9079375863075256,"z":-0.16324640810489655,"w":0.37991246581077578},"size":98.08304595947266,"orthographic":true}